Hugo_Symbol,Entrez_Gene_Id,Center,NCBI_Build,Chromosome,Start_Position,End_Position,Strand,Variant_Classification,Variant_Type,Reference_Allele,Tumor_Seq_Allele1,Tumor_Seq_Allele2,dbSNP_RS,dbSNP_Val_Status,Tumor_Sample_Barcode,Matched_Norm_Sample_Barcode,Match_Norm_Seq_Allele1,Match_Norm_Seq_Allele2,Tumor_Validation_Allele1,Tumor_Validation_Allele2,Match_Norm_Validation_Allele1,Match_Norm_Validation_Allele2,Verification_Status,Validation_Status,Mutation_Status,Sequencing_Phase,Sequence_Source,Validation_Method,Score,BAM_File,Sequencer,Tumor_Sample_UUID,Matched_Norm_Sample_UUID,HGVSc,HGVSp,HGVSp_Short,Transcript_ID,Exon_Number,t_depth,t_ref_count,t_alt_count,n_depth,n_ref_count,n_alt_count,all_effects,Allele,Gene,Feature,Feature_type,Consequence,cDNA_position,CDS_position,Protein_position,Amino_acids,Codons,Existing_variation,ALLELE_NUM,DISTANCE,STRAND_VEP,SYMBOL,SYMBOL_SOURCE,HGNC_ID,BIOTYPE,CANONICAL,CCDS,ENSP,SWISSPROT,TREMBL,UNIPARC,RefSeq,SIFT,PolyPhen,EXON,INTRON,DOMAINS,AF,AFR_AF,AMR_AF,ASN_AF,EAS_AF,EUR_AF,SAS_AF,AA_AF,EA_AF,CLIN_SIG,SOMATIC,PUBMED,MOTIF_NAME,MOTIF_POS,HIGH_INF_POS,MOTIF_SCORE_CHANGE,IMPACT,PICK,VARIANT_CLASS,TSL,HGVS_OFFSET,PHENO,MINIMISED,GENE_PHENO,FILTER,flanking_bps,vcf_id,vcf_qual,gnomADe_AF,gnomADe_AFR_AF,gnomADe_AMR_AF,gnomADe_ASJ_AF,gnomADe_EAS_AF,gnomADe_FIN_AF,gnomADe_NFE_AF,gnomADe_OTH_AF,gnomADe_SAS_AF,vcf_pos,VAF
Tns1,0,,GRCm39,1,74112969,74112970,+,Intron,DNP,GC,GC,AT,novel,,MMCID26B,MMCIDP,GC,GC,,,,,,,,,,,,,,,,c.272-5165_272-5164delinsAT,,,ENSMUST00000169786,,16,14,2,8,8,0,"Tns1,intron_variant,,ENSMUST00000169786,NM_027884.4;Tns1,intron_variant,,ENSMUST00000187584,NM_001413787.1;Tns1,intron_variant,,ENSMUST00000188208,;Tns1,intron_variant,,ENSMUST00000191104,NM_001289895.2;Tns1,intron_variant,,ENSMUST00000191204,;Tns1,intron_variant,,ENSMUST00000212888,;Tns1,intron_variant,,ENSMUST00000239451,;",AT,ENSMUSG00000055322,ENSMUST00000169786,Transcript,intron_variant,,,,,,,1,,-1.0,Tns1,MGI,,protein_coding,YES,CCDS78614.1,ENSMUSP00000127715,E9Q0S6.91,,UPI0000D659D2,NM_027884.4,,,,2/34,,,,,,,,,,,,,,,,,,MODIFIER,1.0,substitution,5.0,,,,1.0,PASS,GGCA,,,,,,,,,,,,74112969,0.125
Plekhh1,0,,GRCm39,12,79117895,79117896,+,Intron,DNP,AC,AC,GT,novel,,MMCID26B,MMCIDP,AC,AC,,,,,,,,,,,,,,,,c.2733+157_2733+158delinsGT,,,ENSMUST00000039928,,20,15,5,15,15,0,"Plekhh1,intron_variant,,ENSMUST00000039928,NM_181073.3;Plekhh1,intron_variant,,ENSMUST00000219956,;Plekhh1,intron_variant,,ENSMUST00000219946,;",GT,ENSMUSG00000060716,ENSMUST00000039928,Transcript,intron_variant,,,,,,,1,,1.0,Plekhh1,MGI,,protein_coding,YES,CCDS49097.1,ENSMUSP00000049460,Q80TI1.125,,UPI00001E73B0,NM_181073.3,,,,19/28,,,,,,,,,,,,,,,,,,MODIFIER,1.0,substitution,1.0,,,,1.0,PASS,TACA,,,,,,,,,,,,79117895,0.25
Akr1c19,0,,GRCm39,13,4274054,4274055,+,5'Flank,DNP,AC,AC,GT,novel,,MMCID26B,MMCIDP,AC,AC,,,,,,,,,,,,,,,,,,,ENSMUST00000118663,,13,10,3,8,8,0,"Akr1c19,upstream_gene_variant,,ENSMUST00000118663,;,regulatory_region_variant,,ENSMUSR00000541590,;",GT,ENSMUSG00000071551,ENSMUST00000118663,Transcript,upstream_gene_variant,,,,,,,1,4644.0,1.0,Akr1c19,MGI,,protein_coding,YES,CCDS26221.1,ENSMUSP00000112666,,G3X9Y6.87,UPI00001C5094,,,,,,,,,,,,,,,,,,,,,,,MODIFIER,1.0,substitution,5.0,,,,1.0,PASS,CACG,,,,,,,,,,,,4274054,0.23076923076923078
Unknown,0,,GRCm39,13,44825293,44825294,+,IGR,DNP,AG,AG,CA,novel,,MMCID26B,MMCIDP,AG,AG,,,,,,,,,,,,,,,,,,,,,19,17,2,14,14,0,,CA,,,,intergenic_variant,,,,,,,1,,,,,,,,,,,,,,,,,,,,,,,,,,,,,,,,,,,MODIFIER,1.0,substitution,,,,,,PASS,CAGT,,,,,,,,,,,,44825293,0.10526315789473684
Zfp808,0,,GRCm39,13,62361452,62361453,+,Intron,DNP,TG,TG,CA,novel,,MMCID26B,MMCIDP,TG,TG,,,,,,,,,,,,,,,,n.315+9824_315+9825delinsCA,,,ENSMUST00000221542,,36,30,6,12,12,0,"Zfp808,intron_variant,,ENSMUST00000221542,;Zfp808,intron_variant,,ENSMUST00000222809,;Zfp808,intron_variant,,ENSMUST00000223094,;",CA,ENSMUSG00000074867,ENSMUST00000221542,Transcript,"intron_variant,non_coding_transcript_variant",,,,,,,1,,1.0,Zfp808,MGI,,protein_coding_CDS_not_defined,,,,,,,,,,,3/4,,,,,,,,,,,,,,,,,,MODIFIER,,substitution,5.0,,,,,PASS,CTGC,,,,,,,,,,,,62361452,0.16666666666666666
Gm54793,0,,GRCm39,14,8691145,8691146,+,5'Flank,DNP,TG,TG,CA,novel,,MMCID26B,MMCIDP,TG,TG,,,,,,,,,,,,,,,,,,,ENSMUST00020181891,,51,43,8,52,52,0,"Gm54793,upstream_gene_variant,,ENSMUST00020181891,;Rpl19-ps4,upstream_gene_variant,,ENSMUST00000167150,;",CA,ENSMUSG00002075708,ENSMUST00020181891,Transcript,upstream_gene_variant,,,,,,,1,466.0,1.0,Gm54793,MGI,,miRNA,YES,,,,,,,,,,,,,,,,,,,,,,,,,,,,MODIFIER,,substitution,,,,,,PASS,GTGC,,,,,,,,,,,,8691145,0.1568627450980392
Cryzl1,0,,GRCm39,16,91508233,91508234,+,Intron,DNP,TG,TG,CA,novel,,MMCID26B,MMCIDP,TG,TG,,,,,,,,,,,,,,,,c.217+849_217+850delinsTG,,,ENSMUST00000073466,,57,53,4,22,22,0,"Cryzl1,intron_variant,,ENSMUST00000073466,NM_133679.2;Cryzl1,intron_variant,,ENSMUST00000114023,;Cryzl1,intron_variant,,ENSMUST00000117644,NM_026994.1;Cryzl1,intron_variant,,ENSMUST00000122254,;Cryzl1,intron_variant,,ENSMUST00000124282,;Cryzl1,intron_variant,,ENSMUST00000141664,;Cryzl1,intron_variant,,ENSMUST00000231499,;Cryzl1,downstream_gene_variant,,ENSMUST00000123751,;Cryzl1,upstream_gene_variant,,ENSMUST00000144472,;Gm10785,intron_variant,,ENSMUST00000156242,;Gm10785,intron_variant,,ENSMUST00000232491,;Cryzl1,downstream_gene_variant,,ENSMUST00000128975,;",CA,ENSMUSG00000058240,ENSMUST00000073466,Transcript,intron_variant,,,,,,,1,,-1.0,Cryzl1,MGI,,protein_coding,YES,CCDS37401.1,ENSMUSP00000073171,Q921W4.154,,UPI0000028967,NM_133679.2,,,,4/12,,,,,,,,,,,,,,,,,,MODIFIER,1.0,substitution,1.0,,,,1.0,PASS,CTGC,,,,,,,,,,,,91508233,0.07017543859649122
Cryzl1,0,,GRCm39,16,91508655,91508656,+,Intron,DNP,TG,TG,CA,novel,,MMCID26B,MMCIDP,TG,TG,,,,,,,,,,,,,,,,c.217+427_217+428delinsTG,,,ENSMUST00000073466,,64,62,2,21,21,0,"Cryzl1,intron_variant,,ENSMUST00000073466,NM_133679.2;Cryzl1,intron_variant,,ENSMUST00000114023,;Cryzl1,intron_variant,,ENSMUST00000117644,NM_026994.1;Cryzl1,intron_variant,,ENSMUST00000122254,;Cryzl1,intron_variant,,ENSMUST00000124282,;Cryzl1,intron_variant,,ENSMUST00000141664,;Cryzl1,intron_variant,,ENSMUST00000231499,;Cryzl1,downstream_gene_variant,,ENSMUST00000123751,;Cryzl1,upstream_gene_variant,,ENSMUST00000144472,;Gm10785,non_coding_transcript_exon_variant,,ENSMUST00000232491,;Gm10785,intron_variant,,ENSMUST00000156242,;Cryzl1,downstream_gene_variant,,ENSMUST00000128975,;",CA,ENSMUSG00000058240,ENSMUST00000073466,Transcript,intron_variant,,,,,,,1,,-1.0,Cryzl1,MGI,,protein_coding,YES,CCDS37401.1,ENSMUSP00000073171,Q921W4.154,,UPI0000028967,NM_133679.2,,,,4/12,,,,,,,,,,,,,,,,,,MODIFIER,1.0,substitution,1.0,,,,1.0,PASS,GTGG,,,,,,,,,,,,91508655,0.03125
Snhg7os,0,,GRCm39,2,26539669,26539670,+,3'Flank,DNP,TG,TG,CA,novel,,MMCID26B,MMCIDP,TG,TG,,,,,,,,,,,,,,,,,,,ENSMUST00000131841,,291,286,5,78,78,0,"Snhg7os,downstream_gene_variant,,ENSMUST00000126798,;Snhg7os,downstream_gene_variant,,ENSMUST00000131841,;Snhg7os,downstream_gene_variant,,ENSMUST00000147986,;",CA,ENSMUSG00000086775,ENSMUST00000131841,Transcript,downstream_gene_variant,,,,,,,1,3713.0,1.0,Snhg7os,MGI,,lncRNA,YES,,,,,,,,,,,,,,,,,,,,,,,,,,,,MODIFIER,1.0,substitution,1.0,,,,,PASS,CTGG,,,,,,,,,,,,26539669,0.01718213058419244
Sclt1,0,,GRCm39,3,41618362,41618363,+,Intron,DNP,TC,TC,GA,novel,,MMCID26B,MMCIDP,TC,TC,,,,,,,,,,,,,,,,c.1293+24_1293+25delinsTC,,,ENSMUST00000026866,,80,77,3,195,195,0,"Sclt1,intron_variant,,ENSMUST00000026866,NM_001081411.1;Sclt1,intron_variant,,ENSMUST00000140373,;Sclt1,intron_variant,,ENSMUST00000146125,;Sclt1,intron_variant,,ENSMUST00000148769,;Sclt1,intron_variant,,ENSMUST00000154773,;",GA,ENSMUSG00000059834,ENSMUST00000026866,Transcript,intron_variant,,,,,,,1,,-1.0,Sclt1,MGI,,protein_coding,YES,CCDS38425.1,ENSMUSP00000026866,G5E861.74,,UPI0000D65DD3,NM_001081411.1,,,,15/20,,,,,,,,,,,,,,,,,,MODIFIER,1.0,substitution,5.0,,,,1.0,PASS,TTCA,,,,,,,,,,,,41618362,0.0375
Spart,0,,GRCm39,3,55032044,55032045,+,Intron,DNP,AC,AC,TT,novel,,MMCID26B,MMCIDP,AC,AC,,,,,,,,,,,,,,,,c.1009-132_1009-131delinsTT,,,ENSMUST00000118118,,12,8,4,10,10,0,"Spart,intron_variant,,ENSMUST00000044116,NM_144895.2;Spart,intron_variant,,ENSMUST00000107971,NM_001144988.1;Spart,intron_variant,,ENSMUST00000117341,;Spart,intron_variant,,ENSMUST00000118118,NM_001144987.1;Spart,intron_variant,,ENSMUST00000199416,;",TT,ENSMUSG00000036580,ENSMUST00000118118,Transcript,intron_variant,,,,,,,1,,1.0,Spart,MGI,,protein_coding,YES,CCDS38432.1,ENSMUSP00000113621,Q8R1X6.143,Q3TVW1.139,UPI0000027EF3,NM_001144987.1,,,,3/8,,,,,,,,,,,,,,,,,,MODIFIER,1.0,substitution,1.0,,,,1.0,PASS,CACA,,,,,,,,,,,,55032044,0.3333333333333333
Unknown,0,,GRCm39,4,117655983,117655984,+,IGR,DNP,GC,GC,AT,novel,,MMCID26B,MMCIDP,GC,GC,,,,,,,,,,,,,,,,,,,,,24,19,5,14,14,0,,AT,,,,intergenic_variant,,,,,,,1,,,,,,,,,,,,,,,,,,,,,,,,,,,,,,,,,,,MODIFIER,1.0,substitution,,,,,,PASS,GGCC,,,,,,,,,,,,117655983,0.20833333333333334
Rbm28,0,,GRCm39,6,29131962,29131963,+,Intron,DNP,TG,TG,CA,novel,,MMCID26B,MMCIDP,TG,TG,,,,,,,,,,,,,,,,c.1534-188_1534-187delinsTG,,,ENSMUST00000007993,,11,5,6,10,10,0,"Rbm28,intron_variant,,ENSMUST00000007993,NM_133925.2;Rbm28,upstream_gene_variant,,ENSMUST00000164563,;Rbm28,intron_variant,,ENSMUST00000169214,;",CA,ENSMUSG00000029701,ENSMUST00000007993,Transcript,intron_variant,,,,,,,1,,-1.0,Rbm28,MGI,,protein_coding,YES,CCDS51733.1,ENSMUSP00000007993,Q8CGC6.152,,UPI000024D970,NM_133925.2,,,,14/18,,,,,,,,,,,,,,,,,,MODIFIER,1.0,substitution,1.0,,,,,PASS,CTGC,,,,,,,,,,,,29131962,0.5454545454545454
Slc37a3,0,,GRCm39,6,39342789,39342790,+,Intron,DNP,TA,TA,AG,novel,,MMCID26B,MMCIDP,TA,TA,,,,,,,,,,,,,,,,c.89+1033_89+1034delinsCT,,,ENSMUST00000090243,,66,62,4,19,19,0,"Slc37a3,intron_variant,,ENSMUST00000090243,NM_001361619.1,NM_028123.3,NM_001361618.1,NM_001361617.1;Slc37a3,intron_variant,,ENSMUST00000200771,;Slc37a3,intron_variant,,ENSMUST00000200969,;Slc37a3,intron_variant,,ENSMUST00000202204,;Slc37a3,intron_variant,,ENSMUST00000202400,;Slc37a3,intron_variant,,ENSMUST00000202749,;Slc37a3,downstream_gene_variant,,ENSMUST00000202952,;Slc37a3,downstream_gene_variant,,ENSMUST00000202785,;Slc37a3,downstream_gene_variant,,ENSMUST00000202928,;Slc37a3,intron_variant,,ENSMUST00000200961,;Slc37a3,intron_variant,,ENSMUST00000201448,;",AG,ENSMUSG00000029924,ENSMUST00000090243,Transcript,intron_variant,,,,,,,1,,-1.0,Slc37a3,MGI,,protein_coding,YES,CCDS20020.1,ENSMUSP00000087709,,A0A0R4J133.39,UPI000002954B,"NM_001361619.1,NM_028123.3,NM_001361618.1,NM_001361617.1",,,,2/14,,,,,,,,,,,,,,,,,,MODIFIER,1.0,substitution,1.0,,,,,PASS,TTAG,,,,,,,,,,,,39342789,0.06060606060606061
Fiz1,0,,GRCm39,7,5011083,5011084,+,Missense_Mutation,DNP,GA,GA,TC,novel,,MMCID26B,MMCIDP,GA,GA,,,,,,,,,,,,,,,,c.1433_1434delinsGA,p.Ile478Arg,p.I478R,ENSMUST00000165320,3/3,638,634,4,171,171,0,"Fiz1,missense_variant,p.Ile478Arg,ENSMUST00000165320,NM_001110328.2,NM_001360241.1;Fiz1,missense_variant,p.Ile478Arg,ENSMUST00000167804,NM_011813.3,NM_001360242.1,NM_001360243.1;Fiz1,missense_variant,p.Ile478Arg,ENSMUST00000077385,NM_001110329.1;Fiz1,missense_variant,p.Ile478Arg,ENSMUST00000208944,NM_001110330.1;Fiz1,missense_variant,p.Ile478Arg,ENSMUST00000207030,;Fiz1,downstream_gene_variant,,ENSMUST00000207412,;Fiz1,downstream_gene_variant,,ENSMUST00000207946,;Fiz1,downstream_gene_variant,,ENSMUST00000209060,;Fiz1,downstream_gene_variant,,ENSMUST00000207691,;",TC,ENSMUSG00000061374,ENSMUST00000165320,Transcript,missense_variant,1627-1628/2653,1433-1434/1503,478/500,I/R,aTC/aGA,,1,,-1.0,Fiz1,MGI,,protein_coding,YES,CCDS20751.1,ENSMUSP00000128105,Q9WTJ4.166,Q3TRV0.154,UPI0000024E29,"NM_001110328.2,NM_001360241.1",tolerated(0.1),,3/3,,"PROSITE_profiles:PS50157,PANTHER:PTHR24377,PROSITE_patterns:PS00028,Pfam:PF00096,Gene3D:3.30.160.60,SMART:SM00355,Superfamily:SSF57667,AlphaFold_DB_import:AF-Q9WTJ4-F1",,,,,,,,,,,,,,,,,MODERATE,1.0,substitution,1.0,,,,,PASS,AGAT,,,,,,,,,,,,5011083,0.006269592476489028
Myo16,0,,GRCm39,8,10435099,10435100,+,Intron,DNP,TG,TG,CA,novel,,MMCID26B,MMCIDP,TG,TG,,,,,,,,,,,,,,,,c.1179+361_1179+362delinsCA,,,ENSMUST00000207477,,2,0,2,18,18,0,"Myo16,intron_variant,,ENSMUST00000042103,;Myo16,intron_variant,,ENSMUST00000207204,;Myo16,intron_variant,,ENSMUST00000207477,NM_001319151.1;Myo16,intron_variant,,ENSMUST00000208309,;",CA,ENSMUSG00000039057,ENSMUST00000207477,Transcript,intron_variant,,,,,,,1,,1.0,Myo16,MGI,,protein_coding,YES,CCDS40218.2,ENSMUSP00000146677,Q5DU14.130,,UPI0000025455,NM_001319151.1,,,,10/34,,,,,,,,,,,,,,,,,,MODIFIER,1.0,substitution,1.0,,,,,PASS,GTGT,,,,,,,,,,,,10435099,1.0
Zc3h18,0,,GRCm39,8,123124884,123124885,+,Intron,DNP,GT,GT,AC,novel,,MMCID26B,MMCIDP,GT,GT,,,,,,,,,,,,,,,,c.898-91_898-90delinsAC,,,ENSMUST00000017622,,144,139,5,101,101,0,"Zc3h18,intron_variant,,ENSMUST00000017622,NM_001029993.1;Zc3h18,intron_variant,,ENSMUST00000093073,NM_001029994.1;Zc3h18,intron_variant,,ENSMUST00000176629,NM_001310650.1;",AC,ENSMUSG00000017478,ENSMUST00000017622,Transcript,intron_variant,,,,,,,1,,1.0,Zc3h18,MGI,,protein_coding,YES,CCDS22735.1,ENSMUSP00000017622,,G3X8T2.79,UPI0000512186,NM_001029993.1,,,,5/18,,,,,,,,,,,,,,,,,,MODIFIER,1.0,substitution,1.0,,,,,PASS,CGTG,,,,,,,,,,,,123124884,0.034722222222222224
ENSMUSR00000878820,0,,GRCm39,MU069435.1,11452,11453,+,IGR,DNP,CC,CC,TT,novel,,MMCID26B,MMCIDP,CC,CC,,,,,,,,,,,,,,,,,,,ENSMUSR00000878820,,106,102,4,35,35,0,",regulatory_region_variant,,ENSMUSR00000878820,;",TT,,ENSMUSR00000878820,RegulatoryFeature,regulatory_region_variant,,,,,,,1,,,,,,TF_binding_site,,,,,,,,,,,,,,,,,,,,,,,,,,,,,MODIFIER,1.0,substitution,,,,,,PASS,TCCA,,,,,,,,,,,,11452,0.03773584905660377
